"id","name","category","subcategory","description","price","image_url","in_stock","created_at","updated_at","brand","series","material","features","specifications","dimensions","weight","color","model","sku","capacity","variants"
"1","Sovereign","Metal Pen","Astral Series","Sovereign from Astral Series",,,"true",2025-07-27T07:05:49.270Z,2025-07-27T07:05:49.270Z,"Shivaya","Astral Series",,,,,,,"M-101","M-101",,
"2","Zenith","Metal Pen","Astral Series","Zenith from Astral Series",,,"true",2025-07-27T07:05:49.272Z,2025-07-27T07:05:49.272Z,"Shivaya","Astral Series",,,,,,,"M-102","M-102",,
"3","Eclipse","Metal Pen","Astral Series","Eclipse from Astral Series",,,"true",2025-07-27T07:05:49.272Z,2025-07-27T07:05:49.272Z,"Shivaya","Astral Series",,,,,,,"M-103","M-103",,
"4","Titan","Metal Pen","Astral Series","Titan from Astral Series",,,"true",2025-07-27T07:05:49.272Z,2025-07-27T07:05:49.272Z,"Shivaya","Astral Series",,,,,,,"M-104","M-104",,
"5","Nova","Metal Pen","Astral Series","Nova from Astral Series",,,"true",2025-07-27T07:05:49.272Z,2025-07-27T07:05:49.272Z,"Shivaya","Astral Series",,,,,,,"M-105","M-105",,
"6","Summit","Metal Pen","Astral Series","Summit from Astral Series",,,"true",2025-07-27T07:05:49.272Z,2025-07-27T07:05:49.272Z,"Shivaya","Astral Series",,,,,,,"M-106","M-106",,
"7","Stellar","Metal Pen","Astral Series","Stellar from Astral Series",,,"true",2025-07-27T07:05:49.272Z,2025-07-27T07:05:49.272Z,"Shivaya","Astral Series",,,,,,,"M-107","M-107",,
"8","Apex","Metal Pen","Astral Series","Apex from Astral Series",,,"true",2025-07-27T07:05:49.272Z,2025-07-27T07:05:49.272Z,"Shivaya","Astral Series",,,,,,,"M-108","M-108",,
"9","Quantum","Metal Pen","Astral Series","Quantum from Astral Series",,,"true",2025-07-27T07:05:49.273Z,2025-07-27T07:05:49.273Z,"Shivaya","Astral Series",,,,,,,"M-109","M-109",,
"10","Quantum","Metal Pen","Astral Series","Quantum from Astral Series",,,"true",2025-07-27T07:05:49.273Z,2025-07-27T07:05:49.273Z,"Shivaya","Astral Series",,,,,,,"M-110","M-110",,
"11","Quantum","Metal Pen","Astral Series","Quantum from Astral Series",,,"true",2025-07-27T07:05:49.273Z,2025-07-27T07:05:49.273Z,"Shivaya","Astral Series",,,,,,,"M-111","M-111",,
"12","Horizon","Metal Pen","Astral Series","Horizon from Astral Series",,,"true",2025-07-27T07:05:49.273Z,2025-07-27T07:05:49.273Z,"Shivaya","Astral Series",,,,,,,"M-112","M-112",,
"13","Horizon","Metal Pen","Astral Series","Horizon from Astral Series",,,"true",2025-07-27T07:05:49.273Z,2025-07-27T07:05:49.273Z,"Shivaya","Astral Series",,,,,,,"M-113","M-113",,
"14","Horizon","Metal Pen","Astral Series","Horizon from Astral Series",,,"true",2025-07-27T07:05:49.273Z,2025-07-27T07:05:49.273Z,"Shivaya","Astral Series",,,,,,,"M-114","M-114",,
"15","Vortex","Metal Pen","Astral Series","Vortex from Astral Series",,,"true",2025-07-27T07:05:49.273Z,2025-07-27T07:05:49.273Z,"Shivaya","Astral Series",,,,,,,"M-115","M-115",,
"16","Vortex","Metal Pen","Astral Series","Vortex from Astral Series",,,"true",2025-07-27T07:05:49.273Z,2025-07-27T07:05:49.273Z,"Shivaya","Astral Series",,,,,,,"M-116","M-116",,
"17","Vortex","Metal Pen","Astral Series","Vortex from Astral Series",,,"true",2025-07-27T07:05:49.273Z,2025-07-27T07:05:49.273Z,"Shivaya","Astral Series",,,,,,,"M-117","M-117",,
"18","Amber","Metal Pen","Astral Series","Amber from Astral Series",,,"true",2025-07-27T07:05:49.273Z,2025-07-27T07:05:49.273Z,"Shivaya","Astral Series",,,,,,,"M-118","M-118",,
"19","Amber","Metal Pen","Astral Series","Amber from Astral Series",,,"true",2025-07-27T07:05:49.273Z,2025-07-27T07:05:49.273Z,"Shivaya","Astral Series",,,,,,,"M-119","M-119",,
"20","Amber","Metal Pen","Astral Series","Amber from Astral Series",,,"true",2025-07-27T07:05:49.273Z,2025-07-27T07:05:49.273Z,"Shivaya","Astral Series",,,,,,,"M-120","M-120",,
"21","Crestview","Metal Pen","Astral Series","Crestview from Astral Series",,,"true",2025-07-27T07:05:49.273Z,2025-07-27T07:05:49.273Z,"Shivaya","Astral Series",,,,,,,"M-121","M-121",,
"22","Crestview","Metal Pen","Astral Series","Crestview from Astral Series",,,"true",2025-07-27T07:05:49.273Z,2025-07-27T07:05:49.273Z,"Shivaya","Astral Series",,,,,,,"M-122","M-122",,
"23","Crestview","Metal Pen","Astral Series","Crestview from Astral Series",,,"true",2025-07-27T07:05:49.273Z,2025-07-27T07:05:49.273Z,"Shivaya","Astral Series",,,,,,,"M-123","M-123",,
"24","Northwind","Metal Pen","Astral Series","Northwind from Astral Series",,,"true",2025-07-27T07:05:49.273Z,2025-07-27T07:05:49.273Z,"Shivaya","Astral Series",,,,,,,"M-124","M-124",,
"25","Northwind","Metal Pen","Astral Series","Northwind from Astral Series",,,"true",2025-07-27T07:05:49.273Z,2025-07-27T07:05:49.273Z,"Shivaya","Astral Series",,,,,,,"M-125","M-125",,
"26","Verdant","Metal Pen","Astral Series","Verdant from Astral Series",,,"true",2025-07-27T07:05:49.273Z,2025-07-27T07:05:49.273Z,"Shivaya","Astral Series",,,,,,,"M-126","M-126",,
"27","Verdant","Metal Pen","Astral Series","Verdant from Astral Series",,,"true",2025-07-27T07:05:49.273Z,2025-07-27T07:05:49.273Z,"Shivaya","Astral Series",,,,,,,"M-127","M-127",,
"28","Cosmos","Metal Pen","Astral Series","Cosmos from Astral Series",,,"true",2025-07-27T07:05:49.273Z,2025-07-27T07:05:49.273Z,"Shivaya","Astral Series",,,,,,,"M-128","M-128",,
"29","Cosmos","Metal Pen","Astral Series","Cosmos from Astral Series",,,"true",2025-07-27T07:05:49.273Z,2025-07-27T07:05:49.273Z,"Shivaya","Astral Series",,,,,,,"M-129","M-129",,
"30","Galeforce","Metal Pen","Astral Series","Galeforce from Astral Series",,,"true",2025-07-27T07:05:49.273Z,2025-07-27T07:05:49.273Z,"Shivaya","Astral Series",,,,,,,"M-130","M-130",,
"31","Galeforce","Metal Pen","Astral Series","Galeforce from Astral Series",,,"true",2025-07-27T07:05:49.273Z,2025-07-27T07:05:49.273Z,"Shivaya","Astral Series",,,,,,,"M-131","M-131",,
"32","Icebound","Metal Pen","Astral Series","Icebound from Astral Series",,,"true",2025-07-27T07:05:49.273Z,2025-07-27T07:05:49.273Z,"Shivaya","Astral Series",,,,,,,"M-132","M-132",,
"33","Icebound","Metal Pen","Astral Series","Icebound from Astral Series",,,"true",2025-07-27T07:05:49.273Z,2025-07-27T07:05:49.273Z,"Shivaya","Astral Series",,,,,,,"M-133","M-133",,
"34","Silversky","Metal Pen","Astral Series","Silversky from Astral Series",,,"true",2025-07-27T07:05:49.273Z,2025-07-27T07:05:49.273Z,"Shivaya","Astral Series",,,,,,,"M-134","M-134",,
"35","Silversky","Metal Pen","Astral Series","Silversky from Astral Series",,,"true",2025-07-27T07:05:49.273Z,2025-07-27T07:05:49.273Z,"Shivaya","Astral Series",,,,,,,"M-135","M-135",,
"36","Skyreach","Metal Pen","Astral Series","Skyreach from Astral Series",,,"true",2025-07-27T07:05:49.273Z,2025-07-27T07:05:49.273Z,"Shivaya","Astral Series",,,,,,,"M-136","M-136",,
"37","Skyreach","Metal Pen","Astral Series","Skyreach from Astral Series",,,"true",2025-07-27T07:05:49.273Z,2025-07-27T07:05:49.273Z,"Shivaya","Astral Series",,,,,,,"M-137","M-137",,
"38","Aulora","Metal Pen","Astral Series","Aulora from Astral Series",,,"true",2025-07-27T07:05:49.273Z,2025-07-27T07:05:49.273Z,"Shivaya","Astral Series",,,,,,,"M-138","M-138",,
"39","Aulora","Metal Pen","Astral Series","Aulora from Astral Series",,,"true",2025-07-27T07:05:49.273Z,2025-07-27T07:05:49.273Z,"Shivaya","Astral Series",,,,,,,"M-139","M-139",,
"40","Velocity","Metal Pen","Astral Series","Velocity from Astral Series",,,"true",2025-07-27T07:05:49.273Z,2025-07-27T07:05:49.273Z,"Shivaya","Astral Series",,,,,,,"M-140","M-140",,
"41","Velocity","Metal Pen","Astral Series","Velocity from Astral Series",,,"true",2025-07-27T07:05:49.273Z,2025-07-27T07:05:49.273Z,"Shivaya","Astral Series",,,,,,,"M-141","M-141",,
"42","Hollow","Metal Pen","Astral Series","Hollow from Astral Series",,,"true",2025-07-27T07:05:49.273Z,2025-07-27T07:05:49.273Z,"Shivaya","Astral Series",,,,,,,"M-142","M-142",,
"43","Hollow","Metal Pen","Astral Series","Hollow from Astral Series",,,"true",2025-07-27T07:05:49.273Z,2025-07-27T07:05:49.273Z,"Shivaya","Astral Series",,,,,,,"M-143","M-143",,
"44","Coral","Metal Pen","Astral Series","Coral from Astral Series",,,"true",2025-07-27T07:05:49.273Z,2025-07-27T07:05:49.273Z,"Shivaya","Astral Series",,,,,,,"M-144","M-144",,
"45","Dreamweaver","Metal Pen","Astral Series","Dreamweaver from Astral Series",,,"true",2025-07-27T07:05:49.273Z,2025-07-27T07:05:49.273Z,"Shivaya","Astral Series",,,,,,,"M-145","M-145",,
"46","Atlas","Metal Pen","Astral Series","Atlas from Astral Series",,,"true",2025-07-27T07:05:49.273Z,2025-07-27T07:05:49.273Z,"Shivaya","Astral Series",,,,,,,"M-146","M-146",,
"47","Mystic","Metal Pen","Astral Series","Mystic from Astral Series",,,"true",2025-07-27T07:05:49.273Z,2025-07-27T07:05:49.273Z,"Shivaya","Astral Series",,,,,,,"M-147","M-147",,
"48","Luminary","Metal Pen","Astral Series","Luminary from Astral Series",,,"true",2025-07-27T07:05:49.273Z,2025-07-27T07:05:49.273Z,"Shivaya","Astral Series",,,,,,,"M-148","M-148",,
"49","Aurora","Metal Pen","Astral Series","Aurora from Astral Series",,,"true",2025-07-27T07:05:49.273Z,2025-07-27T07:05:49.273Z,"Shivaya","Astral Series",,,,,,,"M-149","M-149",,
"50","Lighthouse","Metal Pen","Astral Series","Lighthouse from Astral Series",,,"true",2025-07-27T07:05:49.273Z,2025-07-27T07:05:49.273Z,"Shivaya","Astral Series",,,,,,,"M-150","M-150",,
"51","Nexus","Metal Pen","Astral Series","Nexus from Astral Series",,,"true",2025-07-27T07:05:49.273Z,2025-07-27T07:05:49.273Z,"Shivaya","Astral Series",,,,,,,"M-151","M-151",,
"52","Kestrel","Metal Pen","Astral Series","Kestrel from Astral Series",,,"true",2025-07-27T07:05:49.273Z,2025-07-27T07:05:49.273Z,"Shivaya","Astral Series",,,,,,,"M-152","M-152",,
"53","Fusion","Metal Pen","Astral Series","Fusion from Astral Series",,,"true",2025-07-27T07:05:49.273Z,2025-07-27T07:05:49.273Z,"Shivaya","Astral Series",,,,,,,"M-153","M-153",,
"54","Spectrum","Metal Pen","Astral Series","Spectrum from Astral Series",,,"true",2025-07-27T07:05:49.273Z,2025-07-27T07:05:49.273Z,"Shivaya","Astral Series",,,,,,,"M-154","M-154",,
"55","Harmony","Metal Pen","Astral Series","Harmony from Astral Series",,,"true",2025-07-27T07:05:49.273Z,2025-07-27T07:05:49.273Z,"Shivaya","Astral Series",,,,,,,"M-155","M-155",,
"56","Essence","Metal Pen","Vertex Series","Essence from Vertex Series",,,"true",2025-07-27T07:05:49.273Z,2025-07-27T07:05:49.273Z,"Shivaya","Vertex Series",,,,,,,"M-201","M-201",,
"57","Essence","Metal Pen","Vertex Series","Essence from Vertex Series",,,"true",2025-07-27T07:05:49.273Z,2025-07-27T07:05:49.273Z,"Shivaya","Vertex Series",,,,,,,"M-202","M-202",,
"58","Pinnacle","Metal Pen","Vertex Series","Pinnacle from Vertex Series",,,"true",2025-07-27T07:05:49.273Z,2025-07-27T07:05:49.273Z,"Shivaya","Vertex Series",,,,,,,"M-203","M-203",,
"59","Pinnacle","Metal Pen","Vertex Series","Pinnacle from Vertex Series",,,"true",2025-07-27T07:05:49.273Z,2025-07-27T07:05:49.273Z,"Shivaya","Vertex Series",,,,,,,"M-204","M-204",,
"60","Legacy","Metal Pen","Vertex Series","Legacy from Vertex Series",,,"true",2025-07-27T07:05:49.273Z,2025-07-27T07:05:49.273Z,"Shivaya","Vertex Series",,,,,,,"M-205","M-205",,
"61","Legacy","Metal Pen","Vertex Series","Legacy from Vertex Series",,,"true",2025-07-27T07:05:49.273Z,2025-07-27T07:05:49.273Z,"Shivaya","Vertex Series",,,,,,,"M-206","M-206",,
"62","Majestic","Metal Pen","Vertex Series","Majestic from Vertex Series",,,"true",2025-07-27T07:05:49.273Z,2025-07-27T07:05:49.273Z,"Shivaya","Vertex Series",,,,,,,"M-207","M-207",,
"63","Regal","Metal Pen","Vertex Series","Regal from Vertex Series",,,"true",2025-07-27T07:05:49.273Z,2025-07-27T07:05:49.273Z,"Shivaya","Vertex Series",,,,,,,"M-208","M-208",,
"64","Prestige","Metal Pen","Vertex Series","Prestige from Vertex Series",,,"true",2025-07-27T07:05:49.273Z,2025-07-27T07:05:49.273Z,"Shivaya","Vertex Series",,,,,,,"M-209","M-209",,
"65","Herderite","Metal Pen","Vertex Series","Herderite from Vertex Series",,,"true",2025-07-27T07:05:49.273Z,2025-07-27T07:05:49.273Z,"Shivaya","Vertex Series",,,,,,,"M-210","M-210",,
"66","Opulence","Metal Pen","Vertex Series","Opulence from Vertex Series",,,"true",2025-07-27T07:05:49.273Z,2025-07-27T07:05:49.273Z,"Shivaya","Vertex Series",,,,,,,"M-211","M-211",,
"67","Imperial","Metal Pen","Vertex Series","Imperial from Vertex Series",,,"true",2025-07-27T07:05:49.273Z,2025-07-27T07:05:49.273Z,"Shivaya","Vertex Series",,,,,,,"M-212","M-212",,
"68","Magnate","Metal Pen","Vertex Series","Magnate from Vertex Series",,,"true",2025-07-27T07:05:49.273Z,2025-07-27T07:05:49.273Z,"Shivaya","Vertex Series",,,,,,,"M-213","M-213",,
"69","Magnate","Metal Pen","Vertex Series","Magnate from Vertex Series",,,"true",2025-07-27T07:05:49.273Z,2025-07-27T07:05:49.273Z,"Shivaya","Vertex Series",,,,,,,"M-214","M-214",,
"70","Grand","Metal Pen","Vertex Series","Grand from Vertex Series",,,"true",2025-07-27T07:05:49.273Z,2025-07-27T07:05:49.273Z,"Shivaya","Vertex Series",,,,,,,"M-215","M-215",,
"71","Grand","Metal Pen","Vertex Series","Grand from Vertex Series",,,"true",2025-07-27T07:05:49.273Z,2025-07-27T07:05:49.273Z,"Shivaya","Vertex Series",,,,,,,"M-216","M-216",,
"72","Crown","Metal Pen","Vertex Series","Crown from Vertex Series",,,"true",2025-07-27T07:05:49.273Z,2025-07-27T07:05:49.273Z,"Shivaya","Vertex Series",,,,,,,"M-217","M-217",,
"73","Crown","Metal Pen","Vertex Series","Crown from Vertex Series",,,"true",2025-07-27T07:05:49.273Z,2025-07-27T07:05:49.273Z,"Shivaya","Vertex Series",,,,,,,"M-218","M-218",,
"74","Crown","Metal Pen","Vertex Series","Crown from Vertex Series",,,"true",2025-07-27T07:05:49.273Z,2025-07-27T07:05:49.273Z,"Shivaya","Vertex Series",,,,,,,"M-219","M-219",,
"75","Vanguard","Metal Pen","Vertex Series","Vanguard from Vertex Series",,,"true",2025-07-27T07:05:49.273Z,2025-07-27T07:05:49.273Z,"Shivaya","Vertex Series",,,,,,,"M-220","M-220",,
"76","Noble","Metal Pen","Vertex Series","Noble from Vertex Series",,,"true",2025-07-27T07:05:49.273Z,2025-07-27T07:05:49.273Z,"Shivaya","Vertex Series",,,,,,,"M-221","M-221",,
"77","Dynasty","Metal Pen","Vertex Series","Dynasty from Vertex Series",,,"true",2025-07-27T07:05:49.273Z,2025-07-27T07:05:49.273Z,"Shivaya","Vertex Series",,,,,,,"M-222","M-222",,
"78","Triumph","Metal Pen","Vertex Series","Triumph from Vertex Series",,,"true",2025-07-27T07:05:49.273Z,2025-07-27T07:05:49.273Z,"Shivaya","Vertex Series",,,,,,,"M-223","M-223",,
"79","Classic","Metal Pen","Vertex Series","Classic from Vertex Series",,,"true",2025-07-27T07:05:49.273Z,2025-07-27T07:05:49.273Z,"Shivaya","Vertex Series",,,,,,,"M-224","M-224",,
"80","Aether","Metal Pen","Vertex Series","Aether from Vertex Series",,,"true",2025-07-27T07:05:49.273Z,2025-07-27T07:05:49.273Z,"Shivaya","Vertex Series",,,,,,,"M-225","M-225",,
"81","Radiant","Metal Pen","Vertex Series","Radiant from Vertex Series",,,"true",2025-07-27T07:05:49.273Z,2025-07-27T07:05:49.273Z,"Shivaya","Vertex Series",,,,,,,"M-226","M-226",,
"82","Prime","Metal Pen","Vertex Series","Prime from Vertex Series",,,"true",2025-07-27T07:05:49.273Z,2025-07-27T07:05:49.273Z,"Shivaya","Vertex Series",,,,,,,"M-227","M-227",,
"83","Aspire","Metal Pen","Vertex Series","Aspire from Vertex Series",,,"true",2025-07-27T07:05:49.273Z,2025-07-27T07:05:49.273Z,"Shivaya","Vertex Series",,,,,,,"M-228","M-228",,
"84","Grossular","Metal Pen","Vertex Series","Grossular from Vertex Series",,,"true",2025-07-27T07:05:49.273Z,2025-07-27T07:05:49.273Z,"Shivaya","Vertex Series",,,,,,,"M-229","M-229",,
"85","Unakite","Metal Pen","Vertex Series","Unakite from Vertex Series",,,"true",2025-07-27T07:05:49.273Z,2025-07-27T07:05:49.273Z,"Shivaya","Vertex Series",,,,,,,"M-230","M-230",,
"86","Emerald","Metal Pen","Vertex Series","Emerald from Vertex Series",,,"true",2025-07-27T07:05:49.273Z,2025-07-27T07:05:49.273Z,"Shivaya","Vertex Series",,,,,,,"M-231","M-231",,
"87","Meridian","Metal Pen","Vertex Series","Meridian from Vertex Series",,,"true",2025-07-27T07:05:49.273Z,2025-07-27T07:05:49.273Z,"Shivaya","Vertex Series",,,,,,,"M-232","M-232",,
"88","Solaris","Metal Pen","Vertex Series","Solaris from Vertex Series",,,"true",2025-07-27T07:05:49.273Z,2025-07-27T07:05:49.273Z,"Shivaya","Vertex Series",,,,,,,"M-233","M-233",,
"89","Fuchsite","Metal Pen","Vertex Series","Fuchsite from Vertex Series",,,"true",2025-07-27T07:05:49.273Z,2025-07-27T07:05:49.273Z,"Shivaya","Vertex Series",,,,,,,"M-234","M-234",,
"90","Citrine","Metal Pen","Vertex Series","Citrine from Vertex Series",,,"true",2025-07-27T07:05:49.273Z,2025-07-27T07:05:49.273Z,"Shivaya","Vertex Series",,,,,,,"M-235","M-235",,
"91","Tanzanite","Metal Pen","Vertex Series","Tanzanite from Vertex Series",,,"true",2025-07-27T07:05:49.273Z,2025-07-27T07:05:49.273Z,"Shivaya","Vertex Series",,,,,,,"M-236","M-236",,
"92","Opal","Metal Pen","Vertex Series","Opal from Vertex Series",,,"true",2025-07-27T07:05:49.273Z,2025-07-27T07:05:49.273Z,"Shivaya","Vertex Series",,,,,,,"M-237","M-237",,
"93","Topaz","Metal Pen","Vertex Series","Topaz from Vertex Series",,,"true",2025-07-27T07:05:49.273Z,2025-07-27T07:05:49.273Z,"Shivaya","Vertex Series",,,,,,,"M-238","M-238",,
"94","Pearl","Metal Pen","Vertex Series","Pearl from Vertex Series",,,"true",2025-07-27T07:05:49.273Z,2025-07-27T07:05:49.273Z,"Shivaya","Vertex Series",,,,,,,"M-239","M-239",,
"95","Pearl","Metal Pen","Vertex Series","Pearl from Vertex Series",,,"true",2025-07-27T07:05:49.273Z,2025-07-27T07:05:49.273Z,"Shivaya","Vertex Series",,,,,,,"M-240","M-240",,
"96","Pearl","Metal Pen","Vertex Series","Pearl from Vertex Series",,,"true",2025-07-27T07:05:49.273Z,2025-07-27T07:05:49.273Z,"Shivaya","Vertex Series",,,,,,,"M-241","M-241",,
"97","Jade","Metal Pen","Vertex Series","Jade from Vertex Series",,,"true",2025-07-27T07:05:49.273Z,2025-07-27T07:05:49.273Z,"Shivaya","Vertex Series",,,,,,,"M-242","M-242",,
"98","Jade","Metal Pen","Vertex Series","Jade from Vertex Series",,,"true",2025-07-27T07:05:49.273Z,2025-07-27T07:05:49.273Z,"Shivaya","Vertex Series",,,,,,,"M-243","M-243",,
"99","Quartz","Metal Pen","Vertex Series","Quartz from Vertex Series",,,"true",2025-07-27T07:05:49.273Z,2025-07-27T07:05:49.273Z,"Shivaya","Vertex Series",,,,,,,"M-244","M-244",,
"100","Quartz","Metal Pen","Vertex Series","Quartz from Vertex Series",,,"true",2025-07-27T07:05:49.273Z,2025-07-27T07:05:49.273Z,"Shivaya","Vertex Series",,,,,,,"M-245","M-245",,
"101","Zircon","Metal Pen","Vertex Series","Zircon from Vertex Series",,,"true",2025-07-27T07:05:49.273Z,2025-07-27T07:05:49.273Z,"Shivaya","Vertex Series",,,,,,,"M-246","M-246",,
"102","Carnelian","Metal Pen","Vertex Series","Carnelian from Vertex Series",,,"true",2025-07-27T07:05:49.273Z,2025-07-27T07:05:49.273Z,"Shivaya","Vertex Series",,,,,,,"M-247","M-247",,
"103","Agate","Metal Pen","Vertex Series","Agate from Vertex Series",,,"true",2025-07-27T07:05:49.273Z,2025-07-27T07:05:49.273Z,"Shivaya","Vertex Series",,,,,,,"M-248","M-248",,
"104","Agate","Metal Pen","Vertex Series","Agate from Vertex Series",,,"true",2025-07-27T07:05:49.273Z,2025-07-27T07:05:49.273Z,"Shivaya","Vertex Series",,,,,,,"M-249","M-249",,
"105","Morganite","Metal Pen","Vertex Series","Morganite from Vertex Series",,,"true",2025-07-27T07:05:49.273Z,2025-07-27T07:05:49.273Z,"Shivaya","Vertex Series",,,,,,,"M-250","M-250",,
"106","Serpentine","Metal Pen","Vertex Series","Serpentine from Vertex Series",,,"true",2025-07-27T07:05:49.273Z,2025-07-27T07:05:49.273Z,"Shivaya","Vertex Series",,,,,,,"M-251","M-251",,
"107","Sunstone","Metal Pen","Vertex Series","Sunstone from Vertex Series",,,"true",2025-07-27T07:05:49.273Z,2025-07-27T07:05:49.273Z,"Shivaya","Vertex Series",,,,,,,"M-252","M-252",,
"108","Sodalite","Metal Pen","Vertex Series","Sodalite from Vertex Series",,,"true",2025-07-27T07:05:49.273Z,2025-07-27T07:05:49.273Z,"Shivaya","Vertex Series",,,,,,,"M-253","M-253",,
"109","Tiger’s Eye","Metal Pen","Vertex Series","Tiger’s Eye from Vertex Series",,,"true",2025-07-27T07:05:49.273Z,2025-07-27T07:05:49.273Z,"Shivaya","Vertex Series",,,,,,,"M-254","M-254",,
"110","Galaxy","Metal Pen","Lumin Series","Galaxy from Lumin Series",,,"true",2025-07-27T07:05:49.273Z,2025-07-27T07:05:49.273Z,"Shivaya","Lumin Series",,,,,,,"M-301","M-301",,
"111","Galaxy","Metal Pen","Lumin Series","Galaxy from Lumin Series",,,"true",2025-07-27T07:05:49.273Z,2025-07-27T07:05:49.273Z,"Shivaya","Lumin Series",,,,,,,"M-302","M-302",,
"112","Comet","Metal Pen","Lumin Series","Comet from Lumin Series",,,"true",2025-07-27T07:05:49.273Z,2025-07-27T07:05:49.273Z,"Shivaya","Lumin Series",,,,,,,"M-303","M-303",,
"113","Comet","Metal Pen","Lumin Series","Comet from Lumin Series",,,"true",2025-07-27T07:05:49.273Z,2025-07-27T07:05:49.273Z,"Shivaya","Lumin Series",,,,,,,"M-304","M-304",,
"114","Asteroid","Metal Pen","Lumin Series","Asteroid from Lumin Series",,,"true",2025-07-27T07:05:49.273Z,2025-07-27T07:05:49.273Z,"Shivaya","Lumin Series",,,,,,,"M-305","M-305",,
"115","Pulsar","Metal Pen","Lumin Series","Pulsar from Lumin Series",,,"true",2025-07-27T07:05:49.273Z,2025-07-27T07:05:49.273Z,"Shivaya","Lumin Series",,,,,,,"M-306","M-306",,
"116","Quasar","Metal Pen","Lumin Series","Quasar from Lumin Series",,,"true",2025-07-27T07:05:49.273Z,2025-07-27T07:05:49.273Z,"Shivaya","Lumin Series",,,,,,,"M-307","M-307",,
"117","Supernova","Metal Pen","Lumin Series","Supernova from Lumin Series",,,"true",2025-07-27T07:05:49.273Z,2025-07-27T07:05:49.273Z,"Shivaya","Lumin Series",,,,,,,"M-308","M-308",,
"118","Black Hole","Metal Pen","Lumin Series","Black Hole from Lumin Series",,,"true",2025-07-27T07:05:49.274Z,2025-07-27T07:05:49.274Z,"Shivaya","Lumin Series",,,,,,,"M-309","M-309",,
"119","Black Hole","Metal Pen","Lumin Series","Black Hole from Lumin Series",,,"true",2025-07-27T07:05:49.274Z,2025-07-27T07:05:49.274Z,"Shivaya","Lumin Series",,,,,,,"M-310","M-310",,
"120","Nebula","Metal Pen","Lumin Series","Nebula from Lumin Series",,,"true",2025-07-27T07:05:49.274Z,2025-07-27T07:05:49.274Z,"Shivaya","Lumin Series",,,,,,,"M-311","M-311",,
"121","Nebula","Metal Pen","Lumin Series","Nebula from Lumin Series",,,"true",2025-07-27T07:05:49.274Z,2025-07-27T07:05:49.274Z,"Shivaya","Lumin Series",,,,,,,"M-312","M-312",,
"122","Meteor","Metal Pen","Lumin Series","Meteor from Lumin Series",,,"true",2025-07-27T07:05:49.275Z,2025-07-27T07:05:49.275Z,"Shivaya","Lumin Series",,,,,,,"M-313","M-313",,
"123","Meteor","Metal Pen","Lumin Series","Meteor from Lumin Series",,,"true",2025-07-27T07:05:49.275Z,2025-07-27T07:05:49.275Z,"Shivaya","Lumin Series",,,,,,,"M-314","M-314",,
"124","Venus","Metal Pen","Lumin Series","Venus from Lumin Series",,,"true",2025-07-27T07:05:49.275Z,2025-07-27T07:05:49.275Z,"Shivaya","Lumin Series",,,,,,,"M-315","M-315",,
"125","Venus","Metal Pen","Lumin Series","Venus from Lumin Series",,,"true",2025-07-27T07:05:49.275Z,2025-07-27T07:05:49.275Z,"Shivaya","Lumin Series",,,,,,,"M-316","M-316",,
"126","Venus","Metal Pen","Lumin Series","Venus from Lumin Series",,,"true",2025-07-27T07:05:49.275Z,2025-07-27T07:05:49.275Z,"Shivaya","Lumin Series",,,,,,,"M-317","M-317",,
"127","Saturn","Metal Pen","Lumin Series","Saturn from Lumin Series",,,"true",2025-07-27T07:05:49.275Z,2025-07-27T07:05:49.275Z,"Shivaya","Lumin Series",,,,,,,"M-318","M-318",,
"128","Uranus","Metal Pen","Lumin Series","Uranus from Lumin Series",,,"true",2025-07-27T07:05:49.275Z,2025-07-27T07:05:49.275Z,"Shivaya","Lumin Series",,,,,,,"M-319","M-319",,
"129","Neptune","Metal Pen","Lumin Series","Neptune from Lumin Series",,,"true",2025-07-27T07:05:49.275Z,2025-07-27T07:05:49.275Z,"Shivaya","Lumin Series",,,,,,,"M-320","M-320",,
"130","Pluto","Metal Pen","Lumin Series","Pluto from Lumin Series",,,"true",2025-07-27T07:05:49.275Z,2025-07-27T07:05:49.275Z,"Shivaya","Lumin Series",,,,,,,"M-321","M-321",,
"131","Mercury","Metal Pen","Lumin Series","Mercury from Lumin Series",,,"true",2025-07-27T07:05:49.275Z,2025-07-27T07:05:49.275Z,"Shivaya","Lumin Series",,,,,,,"M-322","M-322",,
"132","Jupitor","Metal Pen","Lumin Series","Jupitor from Lumin Series",,,"true",2025-07-27T07:05:49.275Z,2025-07-27T07:05:49.275Z,"Shivaya","Lumin Series",,,,,,,"M-323","M-323",,
"133","Orion","Metal Pen","Lumin Series","Orion from Lumin Series",,,"true",2025-07-27T07:05:49.275Z,2025-07-27T07:05:49.275Z,"Shivaya","Lumin Series",,,,,,,"M-324","M-324",,
"134","Orion","Metal Pen","Lumin Series","Orion from Lumin Series",,,"true",2025-07-27T07:05:49.275Z,2025-07-27T07:05:49.275Z,"Shivaya","Lumin Series",,,,,,,"M-325","M-325",,
"135","Ursa","Metal Pen","Lumin Series","Ursa from Lumin Series",,,"true",2025-07-27T07:05:49.275Z,2025-07-27T07:05:49.275Z,"Shivaya","Lumin Series",,,,,,,"M-326","M-326",,
"136","Ursa","Metal Pen","Lumin Series","Ursa from Lumin Series",,,"true",2025-07-27T07:05:49.275Z,2025-07-27T07:05:49.275Z,"Shivaya","Lumin Series",,,,,,,"M-327","M-327",,
"137","Draco","Metal Pen","Lumin Series","Draco from Lumin Series",,,"true",2025-07-27T07:05:49.275Z,2025-07-27T07:05:49.275Z,"Shivaya","Lumin Series",,,,,,,"M-328","M-328",,
"138","Draco","Metal Pen","Lumin Series","Draco from Lumin Series",,,"true",2025-07-27T07:05:49.275Z,2025-07-27T07:05:49.275Z,"Shivaya","Lumin Series",,,,,,,"M-329","M-329",,
"139","Phoenix","Metal Pen","Lumin Series","Phoenix from Lumin Series",,,"true",2025-07-27T07:05:49.275Z,2025-07-27T07:05:49.275Z,"Shivaya","Lumin Series",,,,,,,"M-330","M-330",,
"140","Hydra","Metal Pen","Lumin Series","Hydra from Lumin Series",,,"true",2025-07-27T07:05:49.275Z,2025-07-27T07:05:49.275Z,"Shivaya","Lumin Series",,,,,,,"M-331","M-331",,
"141","Centaurus","Metal Pen","Lumin Series","Centaurus from Lumin Series",,,"true",2025-07-27T07:05:49.275Z,2025-07-27T07:05:49.275Z,"Shivaya","Lumin Series",,,,,,,"M-332","M-332",,
"142","Centaurus","Metal Pen","Lumin Series","Centaurus from Lumin Series",,,"true",2025-07-27T07:05:49.275Z,2025-07-27T07:05:49.275Z,"Shivaya","Lumin Series",,,,,,,"M-333","M-333",,
"143","Lyra","Metal Pen","Lumin Series","Lyra from Lumin Series",,,"true",2025-07-27T07:05:49.275Z,2025-07-27T07:05:49.275Z,"Shivaya","Lumin Series",,,,,,,"M-334","M-334",,
"144","Lyra","Metal Pen","Lumin Series","Lyra from Lumin Series",,,"true",2025-07-27T07:05:49.275Z,2025-07-27T07:05:49.275Z,"Shivaya","Lumin Series",,,,,,,"M-335","M-335",,
"145","Taurus","Metal Pen","Lumin Series","Taurus from Lumin Series",,,"true",2025-07-27T07:05:49.275Z,2025-07-27T07:05:49.275Z,"Shivaya","Lumin Series",,,,,,,"M-336","M-336",,
"146","Libra","Metal Pen","Lumin Series","Libra from Lumin Series",,,"true",2025-07-27T07:05:49.275Z,2025-07-27T07:05:49.275Z,"Shivaya","Lumin Series",,,,,,,"M-337","M-337",,
"147","Scorpio","Metal Pen","Lumin Series","Scorpio from Lumin Series",,,"true",2025-07-27T07:05:49.275Z,2025-07-27T07:05:49.275Z,"Shivaya","Lumin Series",,,,,,,"M-338","M-338",,
"148","Sagittarius","Metal Pen","Lumin Series","Sagittarius from Lumin Series",,,"true",2025-07-27T07:05:49.275Z,2025-07-27T07:05:49.275Z,"Shivaya","Lumin Series",,,,,,,"M-339","M-339",,
"149","Sagittarius","Metal Pen","Lumin Series","Sagittarius from Lumin Series",,,"true",2025-07-27T07:05:49.275Z,2025-07-27T07:05:49.275Z,"Shivaya","Lumin Series",,,,,,,"M-340","M-340",,
"150","Capricorn","Metal Pen","Lumin Series","Capricorn from Lumin Series",,,"true",2025-07-27T07:05:49.275Z,2025-07-27T07:05:49.275Z,"Shivaya","Lumin Series",,,,,,,"M-341","M-341",,
"151","Capricorn","Metal Pen","Lumin Series","Capricorn from Lumin Series",,,"true",2025-07-27T07:05:49.275Z,2025-07-27T07:05:49.275Z,"Shivaya","Lumin Series",,,,,,,"M-342","M-342",,
"152","Pisces","Metal Pen","Lumin Series","Pisces from Lumin Series",,,"true",2025-07-27T07:05:49.275Z,2025-07-27T07:05:49.275Z,"Shivaya","Lumin Series",,,,,,,"M-343","M-343",,
"153","Pisces","Metal Pen","Lumin Series","Pisces from Lumin Series",,,"true",2025-07-27T07:05:49.275Z,2025-07-27T07:05:49.275Z,"Shivaya","Lumin Series",,,,,,,"M-344","M-344",,
"154","Gemini","Metal Pen","Lumin Series","Gemini from Lumin Series",,,"true",2025-07-27T07:05:49.275Z,2025-07-27T07:05:49.275Z,"Shivaya","Lumin Series",,,,,,,"M-345","M-345",,
"155","Gemini","Metal Pen","Lumin Series","Gemini from Lumin Series",,,"true",2025-07-27T07:05:49.275Z,2025-07-27T07:05:49.275Z,"Shivaya","Lumin Series",,,,,,,"M-346","M-346",,
"156","Divine Pen 1","Metal Pen","Innovate & Other Series","Divine Pen 1 from Innovate & Other Series",,,"true",2025-07-27T07:05:49.275Z,2025-07-27T07:05:49.275Z,"Shivaya","Innovate & Other Series",,,,,,,"M-401","M-401",,
"157","Divine Pen 2","Metal Pen","Innovate & Other Series","Divine Pen 2 from Innovate & Other Series",,,"true",2025-07-27T07:05:49.275Z,2025-07-27T07:05:49.275Z,"Shivaya","Innovate & Other Series",,,,,,,"M-402","M-402",,
"158","Divine Pen 3","Metal Pen","Innovate & Other Series","Divine Pen 3 from Innovate & Other Series",,,"true",2025-07-27T07:05:49.275Z,2025-07-27T07:05:49.275Z,"Shivaya","Innovate & Other Series",,,,,,,"M-403","M-403",,
"159","Divine Pen 4","Metal Pen","Innovate & Other Series","Divine Pen 4 from Innovate & Other Series",,,"true",2025-07-27T07:05:49.275Z,2025-07-27T07:05:49.275Z,"Shivaya","Innovate & Other Series",,,,,,,"M-404","M-404",,
"160","Doctor Pen 1","Metal Pen","Innovate & Other Series","Doctor Pen 1 from Innovate & Other Series",,,"true",2025-07-27T07:05:49.275Z,2025-07-27T07:05:49.275Z,"Shivaya","Innovate & Other Series",,,,,,,"M-405","M-405",,
"161","Doctor Pen 2","Metal Pen","Innovate & Other Series","Doctor Pen 2 from Innovate & Other Series",,,"true",2025-07-27T07:05:49.275Z,2025-07-27T07:05:49.275Z,"Shivaya","Innovate & Other Series",,,,,,,"M-406","M-406",,
"162","Doctor Pen 3","Metal Pen","Innovate & Other Series","Doctor Pen 3 from Innovate & Other Series",,,"true",2025-07-27T07:05:49.275Z,2025-07-27T07:05:49.275Z,"Shivaya","Innovate & Other Series",,,,,,,"M-407","M-407",,
"163","Marble Pen 1","Metal Pen","Innovate & Other Series","Marble Pen 1 from Innovate & Other Series",,,"true",2025-07-27T07:05:49.275Z,2025-07-27T07:05:49.275Z,"Shivaya","Innovate & Other Series",,,,,,,"M-408","M-408",,
"164","Marble Pen 2","Metal Pen","Innovate & Other Series","Marble Pen 2 from Innovate & Other Series",,,"true",2025-07-27T07:05:49.275Z,2025-07-27T07:05:49.275Z,"Shivaya","Innovate & Other Series",,,,,,,"M-409","M-409",,
"165","Wooden Pen 1","Metal Pen","Innovate & Other Series","Wooden Pen 1 from Innovate & Other Series",,,"true",2025-07-27T07:05:49.275Z,2025-07-27T07:05:49.275Z,"Shivaya","Innovate & Other Series",,,,,,,"M-410","M-410",,
"166","Wooden Pen 2","Metal Pen","Innovate & Other Series","Wooden Pen 2 from Innovate & Other Series",,,"true",2025-07-27T07:05:49.275Z,2025-07-27T07:05:49.275Z,"Shivaya","Innovate & Other Series",,,,,,,"M-411","M-411",,
"167","Wooden Pen 3","Metal Pen","Innovate & Other Series","Wooden Pen 3 from Innovate & Other Series",,,"true",2025-07-27T07:05:49.275Z,2025-07-27T07:05:49.275Z,"Shivaya","Innovate & Other Series",,,,,,,"M-412","M-412",,
"168","Wooden Pen 4","Metal Pen","Innovate & Other Series","Wooden Pen 4 from Innovate & Other Series",,,"true",2025-07-27T07:05:49.275Z,2025-07-27T07:05:49.275Z,"Shivaya","Innovate & Other Series",,,,,,,"M-413","M-413",,
"169","Wooden Pen 5","Metal Pen","Innovate & Other Series","Wooden Pen 5 from Innovate & Other Series",,,"true",2025-07-27T07:05:49.275Z,2025-07-27T07:05:49.275Z,"Shivaya","Innovate & Other Series",,,,,,,"M-414","M-414",,
"170","Wooden Pen 6","Metal Pen","Innovate & Other Series","Wooden Pen 6 from Innovate & Other Series",,,"true",2025-07-27T07:05:49.275Z,2025-07-27T07:05:49.275Z,"Shivaya","Innovate & Other Series",,,,,,,"M-415","M-415",,
"171","Chromatic Range","Metal Pen","Innovate & Other Series","Chromatic Range from Innovate & Other Series",,,"true",2025-07-27T07:05:49.275Z,2025-07-27T07:05:49.275Z,"Shivaya","Innovate & Other Series",,,,,,,"M-416","M-416",,
"172","Chromatic Range","Metal Pen","Innovate & Other Series","Chromatic Range from Innovate & Other Series",,,"true",2025-07-27T07:05:49.275Z,2025-07-27T07:05:49.275Z,"Shivaya","Innovate & Other Series",,,,,,,"M-417","M-417",,
"173","Chromatic Range","Metal Pen","Innovate & Other Series","Chromatic Range from Innovate & Other Series",,,"true",2025-07-27T07:05:49.275Z,2025-07-27T07:05:49.275Z,"Shivaya","Innovate & Other Series",,,,,,,"M-418","M-418",,
"174","Chromatic Range","Metal Pen","Innovate & Other Series","Chromatic Range from Innovate & Other Series",,,"true",2025-07-27T07:05:49.275Z,2025-07-27T07:05:49.275Z,"Shivaya","Innovate & Other Series",,,,,,,"M-419","M-419",,
"175","Chromatic Range","Metal Pen","Innovate & Other Series","Chromatic Range from Innovate & Other Series",,,"true",2025-07-27T07:05:49.275Z,2025-07-27T07:05:49.275Z,"Shivaya","Innovate & Other Series",,,,,,,"M-420","M-420",,
"176","Chromatic Range","Metal Pen","Innovate & Other Series","Chromatic Range from Innovate & Other Series",,,"true",2025-07-27T07:05:49.275Z,2025-07-27T07:05:49.275Z,"Shivaya","Innovate & Other Series",,,,,,,"M-421","M-421",,